{
  "object": "whatsapp_business_account",
  "entry": [
    {
      "id": "215653001634796",
      "changes": [
        {
          "value": {
            "messaging_product": "whatsapp",
            "metadata": {
              "display_phone_number": "917037300870",
              "phone_number_id": "230745540118212"
            },
            "statuses": [
              {
                "id": "wamid.HBgMOTE5NjkwMzA5MzE2FQIAERgSMTFCRTc4QzlEQzM4MTQ3M0Y0AA==",
                "status": "read",
                "timestamp": "1707665779",
                "recipient_id": "919690309316"
              }
            ]
          },
          "field": "messages"
        }
      ]
    }
  ]
}